t,model_rss_mb,model_cpu,gpu_proc_rss_mb,gpu_proc_cpu,gpu_util
1791040274.9,246.6,0.0,61.5,0.0,95
1791040275.9,246.6,0.0,55.1,6.9,1
1791040276.5,229.4,72.3,54.4,0.2,90
1791040277.1,192.6,20.1,50.0,0.6,98
1791040277.6,204.6,33.8,49.1,0.0,96
1791040278.2,221.6,28.4,53.3,0.2,94
1791040278.8,223.2,20.0,53.2,0.0,97
1791040279.3,216.3,25.8,53.0,0.0,93
1791040279.9,216.6,24.5,53.0,0.0,96
1791040280.4,220.1,23.1,52.8,0.0,95
1791040281.0,220.1,24.7,52.1,0.0,93
1791040281.6,221.1,18.2,51.8,0.0,96
1791040282.1,221.1,26.9,53.0,0.0,93
1791040282.7,224.4,22.5,53.0,0.0,96
1791040283.2,229.2,23.6,53.0,0.0,95
1791040283.8,229.2,23.1,52.3,0.0,93
1791040284.4,233.3,15.7,52.0,0.0,96
1791040284.9,233.5,24.8,51.9,0.0,93
1791040285.5,237.5,22.3,51.9,0.0,95
1791040286.0,240.3,20.8,52.2,0.1,96
1791040286.6,240.3,22.4,52.0,0.0,92
1791040287.2,243.1,20.9,48.0,0.0,96
1791040287.7,246.2,21.4,47.8,0.0,96
1791040288.3,246.3,25.7,47.7,0.0,93
1791040288.8,250.5,21.2,48.0,0.0,95
1791040289.4,250.8,18.7,48.0,0.0,96
1791040290.0,252.9,23.6,48.0,0.0,95
1791040290.5,253.0,22.8,48.0,0.0,93
1791040291.1,257.2,20.1,47.9,0.0,96
1791040291.7,256.3,20.8,42.3,0.0,96
1791040292.3,255.2,27.8,42.8,0.0,95
1791040292.8,257.2,24.6,37.9,0.0,93
1791040293.4,257.4,19.2,38.5,0.1,97
1791040294.0,259.1,22.6,38.8,0.1,96
1791040294.5,259.1,27.8,38.8,0.0,93
1791040295.1,259.3,23.9,38.8,0.0,95
1791040295.7,259.3,21.4,52.0,6.6,96
1791040296.2,261.2,25.0,51.1,2.0,95
1791040296.8,261.2,26.1,51.1,0.0,94
1791040297.3,263.5,22.6,50.0,0.0,97
1791040297.9,263.8,21.2,47.0,0.3,95
1791040298.5,263.8,29.0,46.4,0.0,94
1791040299.0,266.4,23.2,45.4,0.0,95
1791040299.6,266.6,18.9,45.4,0.0,96
1791040300.2,268.7,21.2,45.4,0.0,94
1791040300.7,268.8,24.5,53.0,8.9,95
1791040301.3,270.3,24.2,53.0,0.9,94
1791040301.8,271.6,19.1,53.0,0.1,96
1791040302.4,273.7,20.3,53.3,0.0,96
1791040303.0,274.1,24.0,49.0,0.2,92
1791040303.5,276.6,21.6,49.0,0.0,96
1791040304.1,277.1,25.2,49.0,0.0,95
1791040304.7,279.4,23.3,48.5,0.0,94
1791040305.3,281.4,21.2,46.6,0.0,95
1791040305.9,281.4,22.7,48.3,0.6,94
1791040306.4,282.2,21.6,48.3,0.0,95
1791040307.0,284.0,23.4,48.3,0.0,96
1791040307.6,283.5,23.3,41.7,0.0,92
1791040308.1,284.3,21.6,41.6,0.0,96
1791040308.7,284.0,25.5,39.3,0.0,95
1791040309.3,284.8,23.0,34.7,0.0,95
1791040309.9,285.5,21.4,37.5,0.0,97
1791040310.4,284.3,26.2,35.8,0.0,94
1791040311.0,284.6,25.7,35.6,0.0,94
1791040311.5,285.2,19.6,35.6,0.0,96
1791040312.1,285.6,25.6,35.6,0.0,94
1791040312.7,286.9,24.8,35.1,0.0,95
1791040313.2,288.4,22.1,35.1,0.0,96
1791040313.8,288.2,23.6,36.2,0.0,94
1791040314.4,289.1,24.5,36.6,0.0,94
1791040314.9,289.7,20.0,36.6,0.0,96
1791040315.5,289.7,25.1,36.6,0.0,94
1791040316.0,288.0,27.0,36.6,0.0,93
1791040316.6,285.4,22.8,36.6,0.0,97
1791040317.2,285.4,23.6,36.6,0.0,95
1791040317.7,285.4,24.3,36.6,0.0,94
1791040318.3,287.0,21.5,37.0,0.1,97
1791040318.8,288.1,25.2,37.0,0.0,94
1791040319.4,288.1,23.0,37.0,0.0,93
1791040319.9,289.6,23.6,37.0,0.0,95
1791040320.5,291.8,23.2,35.5,0.0,94
1791040321.0,292.0,24.6,35.4,0.0,92
1791040321.6,293.2,23.0,34.5,0.0,96
1791040322.2,296.7,20.4,35.8,0.1,94
1791040322.7,294.2,24.5,35.8,0.0,92
1791040323.3,296.0,26.4,37.1,0.1,94
1791040323.8,297.2,20.8,37.1,0.0,96
1791040324.4,297.2,25.7,37.1,0.0,92
1791040325.0,300.2,21.3,36.9,0.0,96
1791040325.5,300.0,23.2,36.8,0.0,95
1791040326.1,300.1,25.0,37.2,0.1,93
1791040326.7,301.3,23.8,37.2,0.0,94
1791040327.2,302.2,24.6,36.9,0.0,94
1791040327.8,303.0,24.8,36.5,0.0,92
1791040328.4,303.8,22.9,36.4,0.0,96
1791040328.9,304.2,22.3,36.6,0.0,96
1791040329.5,303.8,25.1,36.6,0.0,93
1791040330.1,304.6,17.9,35.5,0.0,97
1791040330.6,304.6,26.2,35.7,0.0,92
1791040331.2,306.4,22.4,35.7,0.0,95
1791040331.8,308.9,22.9,35.7,0.0,96
1791040332.3,309.0,25.7,35.7,0.0,92
1791040332.9,309.2,19.7,35.2,0.0,97
1791040333.4,309.3,25.9,35.0,0.0,94
1791040334.0,310.8,25.0,34.8,0.0,95
1791040334.5,311.3,20.5,34.8,0.0,96
1791040335.1,311.3,25.8,34.8,0.0,91
1791040335.7,311.1,21.2,34.9,0.0,96
1791040336.2,311.7,19.0,35.3,0.0,97
1791040336.8,311.7,26.7,35.3,0.0,93
1791040337.3,313.1,23.8,35.3,0.0,93
1791040337.9,313.7,24.1,35.6,0.1,95
1791040338.4,58.5,5.2,35.6,0.0,0
1791040339.0,74.0,9.1,35.7,0.0,0
1791040339.6,156.3,88.1,35.7,0.0,50
1791040340.1,166.5,97.9,35.7,0.0,0
1791040340.7,164.7,101.5,35.7,0.0,0
1791040341.2,154.8,100.3,35.7,0.0,0
1791040341.8,156.7,100.4,35.7,0.0,0
1791040342.4,154.8,101.3,35.7,0.0,0
1791040342.9,161.0,99.3,35.7,0.0,1
1791040343.5,174.9,100.5,35.7,0.0,0
1791040344.0,176.9,92.1,35.7,0.0,0
1791040344.6,166.9,86.8,35.7,0.0,0
1791040345.1,206.2,84.2,35.7,0.0,0
1791040345.7,183.0,80.2,35.7,0.0,0
1791040346.3,201.9,78.9,35.7,0.0,1
1791040346.8,186.9,74.6,35.0,0.0,0
1791040347.4,173.1,75.8,34.9,0.0,0
1791040348.0,178.2,83.0,34.8,0.0,0
1791040348.5,188.8,82.0,34.8,0.0,0
1791040349.1,190.4,76.6,34.8,0.0,0
1791040349.6,137.1,81.3,34.8,0.0,1
1791040350.2,128.0,81.4,35.0,0.0,0
1791040350.8,125.3,77.8,35.0,0.0,0
1791040351.3,126.9,71.9,35.0,0.0,0
1791040351.9,126.4,68.4,35.0,0.0,0
1791040352.4,116.9,76.4,35.7,0.0,0
1791040353.0,114.6,78.2,35.7,0.0,0
1791040353.5,150.3,76.2,35.7,0.0,1
1791040354.1,154.9,69.8,44.2,0.3,0
1791040354.6,127.6,74.4,44.2,0.0,0
1791040355.2,205.7,100.6,44.2,0.0,0
1791040355.8,280.5,107.7,44.2,0.0,0
1791040356.3,295.2,108.6,44.2,0.0,0
1791040356.9,288.2,92.1,41.4,0.0,50
1791040357.5,290.0,44.9,41.4,0.0,57
1791040358.0,274.3,80.4,41.9,0.1,93
1791040358.6,295.5,20.4,41.9,0.0,98
1791040359.1,296.9,17.9,42.2,0.0,0
1791040359.7,348.5,81.2,42.1,0.0,92
1791040360.3,406.5,99.1,41.5,0.0,100
1791040360.8,438.6,40.6,41.5,0.0,93
1791040361.4,439.0,27.0,41.5,0.0,93
1791040361.9,443.1,26.1,41.5,0.0,94
1791040362.5,445.0,25.5,41.5,0.0,94
1791040363.1,443.3,22.6,41.5,0.0,94
1791040363.6,445.6,19.0,41.8,0.0,95
1791040364.2,446.4,23.7,41.8,0.0,93
1791040364.8,399.4,27.7,41.4,0.0,94
1791040365.3,386.9,24.2,40.7,0.0,93
1791040365.9,380.1,25.9,35.3,0.6,94
1791040366.5,381.1,16.4,35.3,0.0,97
1791040367.0,376.2,23.3,35.2,0.0,94
1791040367.6,375.9,23.3,35.2,0.0,94
1791040368.2,284.2,19.4,35.2,0.0,96
1791040368.8,283.0,29.6,33.2,0.0,92
1791040369.4,287.6,22.7,33.0,0.0,96
1791040369.9,289.7,16.5,34.8,0.4,97
1791040370.5,289.8,26.2,34.7,0.0,92
1791040371.1,271.0,22.8,34.7,0.0,96
1791040371.7,258.6,22.7,34.6,0.0,96
1791040372.2,255.2,25.2,28.9,0.0,92
1791040372.8,259.2,22.3,28.9,0.0,96
1791040373.3,262.0,17.8,31.5,0.0,96
1791040373.9,262.2,25.1,32.1,0.2,92
1791040374.5,265.1,22.4,32.1,0.0,95
1791040375.0,269.5,16.5,32.0,0.0,96
1791040375.6,269.7,26.9,32.0,0.0,92
1791040376.2,271.7,21.9,31.9,0.0,96
1791040376.7,271.9,22.1,31.9,0.0,94
1791040377.3,272.3,25.3,31.9,0.0,94
1791040377.9,273.3,22.7,31.9,0.0,94
1791040378.4,276.5,22.3,31.5,0.0,96
1791040379.0,276.6,28.4,32.0,0.0,94
1791040379.6,277.8,24.8,32.0,0.0,94
1791040380.1,282.7,18.0,31.9,0.0,96
1791040380.7,284.4,21.8,32.0,0.0,95
1791040381.3,284.5,25.1,32.0,0.0,93
1791040381.8,285.5,24.4,32.0,0.0,94
1791040382.4,287.6,22.5,32.2,0.0,96
1791040383.0,287.4,25.2,32.2,0.0,92
1791040383.5,287.9,26.3,32.2,0.0,94
1791040384.1,292.4,22.5,31.1,0.0,94
1791040384.6,291.5,23.1,30.4,0.0,95
1791040385.2,291.8,24.3,30.3,0.0,94
1791040385.8,293.5,21.2,30.3,0.0,95
1791040386.3,295.5,20.2,30.5,0.0,95
1791040386.9,282.2,26.1,30.4,0.0,93
1791040387.5,277.8,25.4,30.4,0.0,95
1791040388.0,265.3,20.0,30.3,0.0,96
1791040388.6,250.1,29.0,29.7,0.0,93
1791040389.4,242.8,22.9,30.4,0.0,95
1791040390.1,206.4,19.5,30.5,0.0,92
1791040390.8,188.2,19.8,30.3,0.0,95
1791040391.5,207.0,26.8,27.7,0.0,89
1791040392.1,209.8,19.4,27.8,0.0,95
1791040392.9,212.1,20.0,27.8,0.0,93
1791040393.7,209.4,23.9,27.4,0.0,93
1791040394.4,212.3,30.3,29.2,0.0,89
1791040395.0,212.2,28.2,29.2,0.0,95
1791040395.6,214.1,19.4,29.2,0.0,96
1791040396.3,214.4,29.5,33.7,0.3,92
1791040396.8,215.8,21.1,34.1,0.0,96
1791040397.4,216.6,29.4,34.1,0.0,95
1791040398.0,218.6,26.7,34.8,0.2,93
1791040398.6,220.0,26.1,34.8,0.0,94
1791040399.1,223.5,20.8,35.0,0.0,96
1791040399.7,225.0,21.8,35.0,0.0,95
1791040400.2,228.3,23.0,35.0,0.0,93
1791040400.8,228.0,28.7,35.0,0.0,93
1791040401.4,225.1,25.1,35.0,0.0,94
1791040402.0,224.6,20.3,35.0,0.0,97
1791040402.6,225.6,26.4,30.6,0.0,93
1791040403.1,226.6,22.8,30.4,0.0,95
1791040403.7,226.5,21.2,30.1,0.0,96
1791040404.4,219.7,25.1,30.1,0.0,92
1791040405.0,212.4,31.0,29.3,0.0,92
1791040405.6,213.6,25.2,29.3,0.0,96
1791040406.2,214.2,26.5,29.4,0.0,96
1791040406.8,214.4,26.8,29.4,0.0,92
1791040407.4,204.7,25.4,29.2,0.0,96
1791040408.0,201.0,23.9,28.9,0.0,96
1791040408.5,199.3,25.5,25.8,0.0,91
1791040409.1,184.9,6.0,19.5,0.1,94
1791040409.7,181.0,5.6,19.4,0.0,78
1791040410.3,172.2,23.4,19.6,0.0,94
1791040410.8,168.6,24.2,19.9,0.0,94
1791040411.5,165.6,21.3,19.9,0.0,91
1791040412.1,164.0,24.8,21.1,0.0,95
1791040412.7,165.2,26.7,21.0,0.0,93
1791040413.3,167.3,23.7,21.1,0.0,95
1791040413.9,170.3,22.3,20.9,0.0,95
1791040414.4,170.7,22.4,44.4,2.3,95
1791040415.0,171.1,22.9,44.5,0.6,92
1791040415.6,169.7,20.8,45.8,0.7,96
1791040416.1,172.8,23.1,41.7,0.5,94
1791040416.7,172.8,25.7,41.1,0.4,94
1791040417.3,171.9,20.1,41.1,0.5,96
1791040417.8,161.6,22.5,40.3,0.0,96
1791040418.4,157.7,26.2,40.6,0.0,92
1791040419.0,158.0,27.5,40.8,0.0,94
1791040419.8,159.7,21.1,32.6,0.1,95
1791040420.4,159.6,23.5,31.8,0.0,96
1791040421.0,159.7,28.5,28.7,0.0,95
1791040421.6,161.2,24.2,28.6,0.0,94
1791040422.1,165.4,18.5,36.1,0.4,96
1791040422.7,163.1,24.6,34.6,0.0,93
1791040423.2,166.0,23.5,33.8,0.0,95
1791040423.9,167.8,20.1,33.8,0.0,95
1791040424.4,169.2,17.5,33.8,0.0,96
1791040425.0,169.2,25.8,33.7,0.0,93
1791040425.6,168.2,25.6,33.6,0.0,94
1791040426.2,168.7,21.0,29.5,0.4,96
1791040426.7,167.1,21.0,34.5,0.5,93
1791040427.3,168.2,19.2,29.2,0.2,93
1791040427.8,171.1,19.8,29.2,0.0,96
1791040428.4,172.1,26.9,29.2,0.0,94
1791040429.1,173.5,19.0,31.1,0.4,92
1791040429.7,174.7,20.2,31.1,0.4,96
1791040430.3,175.8,25.9,32.5,0.1,95
1791040430.8,175.9,20.0,32.6,0.0,94
1791040431.4,176.1,22.7,30.8,0.0,95
1791040432.0,176.9,21.5,24.9,0.0,96
1791040432.5,177.0,25.4,24.9,0.0,92
1791040433.1,178.2,21.4,24.8,0.0,96
1791040433.7,179.6,19.0,28.1,0.1,95
1791040434.3,179.2,25.8,27.8,0.1,94
1791040434.9,180.2,25.6,27.8,0.0,94
1791040435.5,182.3,22.8,26.5,0.0,95
1791040436.1,184.9,20.9,26.4,0.0,95
1791040436.6,185.5,25.2,26.2,0.0,93
1791040437.2,185.5,26.3,25.5,0.0,94
1791040437.8,189.0,16.5,25.5,0.0,96
1791040438.3,190.0,19.9,26.5,0.1,97
1791040438.9,190.3,27.8,28.2,0.0,92
1791040439.5,195.8,20.7,27.4,0.0,96
1791040440.1,196.7,23.9,27.2,0.0,96
1791040440.6,198.0,23.1,27.2,0.0,93
1791040441.2,195.1,16.5,25.7,0.0,96
1791040441.8,196.4,19.9,25.7,0.0,95
1791040442.3,197.4,27.3,26.9,0.0,92
1791040442.9,197.1,20.1,26.9,0.0,97
1791040443.5,198.8,26.5,26.9,0.0,94
1791040444.0,198.3,24.8,26.9,0.0,94
1791040444.6,194.0,18.4,25.8,0.0,96
1791040445.2,190.3,24.2,24.3,0.0,95
1791040445.7,191.6,21.3,24.3,0.0,95
1791040446.3,198.7,21.8,26.4,0.1,96
1791040446.9,193.1,26.7,26.3,0.0,93
1791040447.4,194.5,19.5,26.3,0.0,96
1791040448.0,194.3,19.4,25.8,0.0,96
1791040448.6,194.4,28.1,25.8,0.0,93
1791040449.1,195.1,23.7,26.1,0.0,95
1791040449.7,195.6,24.1,26.1,0.0,96
1791040450.3,197.2,23.6,26.1,0.0,93
1791040450.8,198.1,24.7,24.3,0.0,94
1791040451.4,201.8,23.9,24.2,0.0,95
1791040452.0,203.6,19.6,24.2,0.0,95
1791040452.5,204.8,20.8,24.2,0.0,94
1791040453.1,205.7,23.4,23.5,0.0,94
1791040453.6,205.5,24.8,21.4,0.0,94
1791040454.2,205.9,25.4,23.1,0.0,92
1791040454.8,207.3,21.3,23.1,0.0,94
1791040455.3,207.9,23.8,23.1,0.0,94
1791040455.9,208.3,22.1,23.0,0.0,94
1791040456.5,208.8,19.5,22.9,0.0,94
1791040457.0,208.8,28.7,26.2,0.1,93
1791040457.6,207.8,20.8,29.2,0.1,96
1791040458.2,208.5,18.9,29.5,0.1,96
1791040458.7,211.0,22.9,29.8,0.1,95
1791040459.3,211.4,23.1,29.7,0.0,93
1791040459.8,211.3,24.2,29.7,0.0,96
1791040460.4,211.6,26.0,29.8,0.0,94
1791040461.0,211.0,27.3,29.8,0.0,94
1791040461.5,212.3,23.3,29.8,0.0,96
1791040462.1,212.4,19.1,29.9,0.1,95
1791040462.7,212.2,26.1,29.9,0.0,92
1791040463.2,214.7,23.8,29.9,0.0,95
1791040463.8,215.2,23.5,30.0,0.0,96
1791040464.3,215.3,26.3,30.0,0.0,93
1791040464.9,219.2,22.2,30.0,0.0,95
1791040465.5,221.4,21.3,30.0,0.0,96
1791040466.0,221.5,25.9,26.6,0.0,94
1791040466.6,221.4,25.3,23.9,0.0,94
1791040467.1,222.4,20.9,24.3,0.0,97
1791040467.7,224.4,20.3,24.3,0.0,95
1791040468.3,225.7,23.4,24.0,0.0,94
1791040468.8,223.8,24.9,23.8,0.0,93
1791040469.4,223.9,26.2,23.7,0.0,95
1791040470.0,221.2,14.0,24.2,0.4,95
1791040470.5,224.0,25.6,24.4,0.0,93
1791040471.1,223.7,26.3,24.4,0.0,94
1791040471.6,224.5,21.7,24.6,0.0,96
1791040472.2,226.9,21.6,24.6,0.0,96
1791040472.8,223.1,24.6,24.4,0.0,93
1791040473.4,252.8,8.0,24.3,0.0,97
1791040473.9,265.4,5.0,25.9,0.0,98
1791040474.5,262.0,20.0,26.0,0.0,96
1791040475.1,267.1,26.0,26.0,0.0,93
1791040475.6,267.2,27.1,26.0,0.0,93
1791040476.2,269.0,24.1,26.0,0.0,94
1791040476.7,272.7,20.7,26.0,0.0,95
1791040477.3,273.7,21.9,26.0,0.0,93
1791040477.9,276.2,19.7,25.1,0.0,97
1791040478.5,277.3,22.3,25.5,0.0,95
1791040479.0,278.8,26.2,26.0,0.0,95
1791040479.6,278.6,31.6,26.0,0.0,92
1791040480.2,279.8,21.2,26.0,0.0,95
1791040480.8,280.0,29.1,26.1,0.0,95
1791040481.3,282.5,28.1,26.1,0.0,95
1791040481.9,281.8,37.6,26.1,0.0,92
1791040482.5,282.8,33.9,26.5,0.0,95
1791040483.1,284.8,30.1,26.5,0.0,96
1791040483.7,284.8,32.5,26.5,0.0,91
1791040484.2,287.1,24.3,26.5,0.0,96
1791040484.8,289.1,21.4,26.5,0.0,96
1791040485.4,289.8,22.3,26.5,0.0,95
1791040486.0,289.8,24.2,26.7,0.0,94
1791040486.5,291.8,21.1,26.7,0.0,96
1791040487.1,294.1,25.0,26.7,0.0,95
1791040487.7,295.0,24.1,29.8,0.4,94
1791040488.2,295.6,21.4,29.8,0.0,96
1791040488.8,285.2,29.8,29.6,0.0,93
1791040489.4,286.7,19.2,28.2,0.0,96
1791040490.0,289.0,19.6,28.6,0.0,96
1791040490.5,289.0,29.3,28.6,0.0,92
1791040491.1,290.1,22.2,28.6,0.0,96
1791040491.6,290.7,24.3,28.6,0.0,95
1791040492.2,290.8,27.8,28.6,0.0,93
1791040492.8,291.4,23.1,28.6,0.0,95
1791040493.3,292.3,21.4,28.8,0.0,95
1791040493.9,294.2,20.2,28.8,0.0,96
1791040494.4,294.6,27.7,29.1,0.0,92
1791040495.0,295.6,25.3,29.0,0.0,95
1791040495.6,296.2,23.0,29.0,0.0,95
1791040496.1,297.5,23.7,29.0,0.0,94
1791040496.7,297.6,25.8,29.0,0.0,92
1791040497.2,299.2,23.4,29.1,0.0,96
1791040497.8,301.0,22.1,29.1,0.0,96
1791040498.4,301.0,24.6,34.4,0.1,92
1791040499.0,302.4,22.3,34.5,0.0,95
1791040499.5,303.1,20.2,34.5,0.0,95
1791040500.1,303.5,23.1,34.5,0.0,94
1791040500.6,303.5,28.7,34.5,0.0,92
1791040501.2,304.2,23.5,34.5,0.0,95
1791040501.8,304.5,18.6,34.5,0.0,96
1791040502.3,304.2,28.0,37.9,0.1,93
1791040502.9,303.9,26.0,37.9,0.0,93
1791040503.4,303.6,19.7,36.8,0.0,96
1791040504.0,303.8,24.5,36.7,0.0,94
1791040504.6,304.9,24.5,36.7,0.0,93
1791040505.1,305.0,20.1,36.7,0.0,96
1791040505.7,305.4,26.7,36.5,0.0,95
1791040506.3,304.5,27.5,38.0,0.0,93
1791040506.8,305.8,22.6,37.8,0.0,96
1791040507.4,306.7,23.6,35.2,0.0,94
1791040508.0,306.6,25.4,35.2,0.0,94
1791040508.6,306.8,24.5,35.0,0.0,95
1791040509.1,308.1,24.7,34.9,0.0,97
1791040509.7,297.8,26.4,34.9,0.0,92
1791040510.2,296.3,26.2,35.0,0.0,95
1791040510.8,297.6,23.8,35.0,0.0,95
1791040511.4,297.7,25.2,35.0,0.0,93
1791040512.0,298.8,23.6,35.0,0.0,96
1791040512.5,299.2,24.5,35.0,0.0,95
1791040513.1,299.2,26.5,35.0,0.0,92
1791040513.6,300.6,22.2,35.0,0.0,95
1791040514.2,301.8,26.0,35.3,0.0,95
1791040514.8,301.8,23.9,35.3,0.0,93
1791040515.3,303.4,23.5,35.3,0.0,94
1791040515.9,304.2,19.2,35.3,0.0,96
1791040516.4,304.2,25.8,35.3,0.0,94
1791040517.0,305.2,25.0,35.3,0.0,93
1791040517.6,304.3,23.2,37.7,0.0,96
1791040518.1,304.2,22.4,37.7,0.0,96
1791040518.7,304.2,23.9,37.7,0.0,93
1791040519.3,304.5,25.0,37.7,0.0,94
1791040519.8,304.5,21.3,37.7,0.0,96
1791040520.4,305.6,23.7,37.7,0.0,94
1791040521.0,305.7,25.8,37.7,0.0,93
1791040521.5,306.2,26.1,37.7,0.0,95
1791040522.1,307.0,19.9,37.8,0.1,96
1791040522.6,306.9,12.9,37.8,0.0,92
1791040523.2,307.0,2.0,37.8,0.0,0
1791040523.8,307.0,0.1,37.8,0.0,0
1791040524.3,298.8,0.0,37.8,0.0,0
1791040524.9,298.8,0.0,37.8,0.0,0
1791040525.4,298.8,0.0,37.8,0.0,0
1791040526.0,298.8,0.0,37.8,0.1,0
1791040526.6,298.6,0.0,37.8,0.0,0
1791040527.1,298.6,0.1,37.7,0.0,0
1791040527.7,298.6,0.0,37.7,0.0,0
1791040528.3,298.6,0.0,37.7,0.0,0
1791040528.8,298.6,0.0,37.7,0.0,0
1791040529.4,298.6,0.0,37.7,0.0,0
1791040530.0,298.2,0.0,37.7,0.0,0
1791040530.5,298.2,0.0,37.7,0.0,0
1791040531.1,293.8,0.1,37.1,0.0,0
1791040531.6,293.8,0.0,37.2,0.0,0
